[
  {
    "id": "product-innovation-research-and-development",
    "name": "Research and Development",
    "level": "L2",
    "parentId": null,
    "domain": "Product Innovation",
    "scores": null
  },
  {
    "id": "product-innovation-portfolio-strategy-and-planning",
    "name": "Portfolio Strategy and Planning",
    "level": "L2",
    "parentId": null,
    "domain": "Product Innovation",
    "scores": null
  },
  {
    "id": "product-innovation-product-planning",
    "name": "Product Planning",
    "level": "L2",
    "parentId": null,
    "domain": "Product Innovation",
    "scores": null
  },
  {
    "id": "product-innovation-product-design",
    "name": "Product Design",
    "level": "L2",
    "parentId": null,
    "domain": "Product Innovation",
    "scores": null
  },
  {
    "id": "product-innovation-packaging-design",
    "name": "Packaging Design",
    "level": "L2",
    "parentId": null,
    "domain": "Product Innovation",
    "scores": null
  },
  {
    "id": "product-development-product-lifecycle-management",
    "name": "Product Lifecycle Management",
    "level": "L2",
    "parentId": null,
    "domain": "Product Development",
    "scores": null
  },
  {
    "id": "product-development-product-engineering-and-development",
    "name": "Product Engineering and Development",
    "level": "L2",
    "parentId": null,
    "domain": "Product Development",
    "scores": null
  },
  {
    "id": "product-development-component-management",
    "name": "Component Management",
    "level": "L2",
    "parentId": null,
    "domain": "Product Development",
    "scores": null
  },
  {
    "id": "product-development-direct-product-integration",
    "name": "Direct Product Integration",
    "level": "L2",
    "parentId": null,
    "domain": "Product Development",
    "scores": null
  },
  {
    "id": "product-development-content-management",
    "name": "Content Management",
    "level": "L2",
    "parentId": null,
    "domain": "Product Development",
    "scores": null
  },
  {
    "id": "product-development-quality-integration",
    "name": "Quality Integration",
    "level": "L2",
    "parentId": null,
    "domain": "Product Development",
    "scores": null
  },
  {
    "id": "product-development-change-management",
    "name": "Change Management",
    "level": "L2",
    "parentId": null,
    "domain": "Product Development",
    "scores": null
  },
  {
    "id": "product-development-process-design",
    "name": "Process Design",
    "level": "L2",
    "parentId": null,
    "domain": "Product Development",
    "scores": null
  },
  {
    "id": "product-manufacturing-production-strategy",
    "name": "Production Strategy",
    "level": "L2",
    "parentId": null,
    "domain": "Product Manufacturing",
    "scores": null
  },
  {
    "id": "product-manufacturing-master-production-planning",
    "name": "Master Production Planning",
    "level": "L2",
    "parentId": null,
    "domain": "Product Manufacturing",
    "scores": null
  },
  {
    "id": "product-manufacturing-production-rules-and-policies",
    "name": "Production Rules and Policies",
    "level": "L2",
    "parentId": null,
    "domain": "Product Manufacturing",
    "scores": null
  },
  {
    "id": "product-manufacturing-product-monitoring",
    "name": "Product Monitoring",
    "level": "L2",
    "parentId": null,
    "domain": "Product Manufacturing",
    "scores": null
  },
  {
    "id": "product-manufacturing-operations-management",
    "name": "Operations Management",
    "level": "L2",
    "parentId": null,
    "domain": "Product Manufacturing",
    "scores": null
  },
  {
    "id": "sales-and-marketing-marketing-and-brand-management",
    "name": "Marketing and Brand Management",
    "level": "L2",
    "parentId": null,
    "domain": "Sales and Marketing",
    "scores": null
  },
  {
    "id": "sales-and-marketing-licensing-management",
    "name": "Licensing Management",
    "level": "L2",
    "parentId": null,
    "domain": "Sales and Marketing",
    "scores": null
  },
  {
    "id": "sales-and-marketing-sales-strategy",
    "name": "Sales Strategy",
    "level": "L2",
    "parentId": null,
    "domain": "Sales and Marketing",
    "scores": null
  },
  {
    "id": "supply-chain-manage-supply-chain-strategy",
    "name": "Manage Supply Chain Strategy",
    "level": "L2",
    "parentId": null,
    "domain": "Supply Chain",
    "scores": null
  },
  {
    "id": "supply-chain-plan-supply-and-demand-forecasting",
    "name": "Plan Supply and Demand Forecasting",
    "level": "L2",
    "parentId": null,
    "domain": "Supply Chain",
    "scores": null
  },
  {
    "id": "procurement-develop-sourcing-strategy",
    "name": "Develop Sourcing Strategy",
    "level": "L2",
    "parentId": null,
    "domain": "Procurement",
    "scores": null
  },
  {
    "id": "procurement-optimize-supplier-relationships",
    "name": "Optimize Supplier Relationships",
    "level": "L2",
    "parentId": null,
    "domain": "Procurement",
    "scores": null
  },
  {
    "id": "logistics-logistics-strategy",
    "name": "Logistics Strategy",
    "level": "L2",
    "parentId": null,
    "domain": "Logistics",
    "scores": null
  },
  {
    "id": "logistics-inbound-and-outbound-logistics",
    "name": "Inbound and Outbound Logistics",
    "level": "L2",
    "parentId": null,
    "domain": "Logistics",
    "scores": null
  },
  {
    "id": "store-and-deliver-products-warehouse-management",
    "name": "Warehouse Management",
    "level": "L2",
    "parentId": null,
    "domain": "Store and Deliver Products",
    "scores": null
  },
  {
    "id": "finance-corporate-finance-and-accounting",
    "name": "Corporate Finance and Accounting",
    "level": "L2",
    "parentId": null,
    "domain": "Finance",
    "scores": null
  },
  {
    "id": "finance-financial-planning-and-analysis",
    "name": "Financial Planning and Analysis",
    "level": "L2",
    "parentId": null,
    "domain": "Finance",
    "scores": null
  },
  {
    "id": "legal-and-compliance-regulatory-compliance",
    "name": "Regulatory Compliance",
    "level": "L2",
    "parentId": null,
    "domain": "Legal & Compliance",
    "scores": null
  },
  {
    "id": "corporate-functions-vision-and-strategy-development",
    "name": "Vision and Strategy Development",
    "level": "L2",
    "parentId": null,
    "domain": "Corporate Functions",
    "scores": null
  }
]