[
  {
    "id": "L1_COM",
    "level": "L1",
    "domain": "Commerce",
    "name": "Digital Commerce"
  },
  {
    "id": "L2_CAT",
    "level": "L2",
    "domain": "Commerce",
    "name": "Catalog Management",
    "parentId": "L1_COM"
  },
  {
    "id": "L2_ORD",
    "level": "L2",
    "domain": "Commerce",
    "name": "Order Management",
    "parentId": "L1_COM"
  },
  {
    "id": "L3_SKU",
    "level": "L3",
    "domain": "Commerce",
    "name": "SKU Enrichment",
    "parentId": "L2_CAT"
  },
  {
    "id": "L3_PIM",
    "level": "L3",
    "domain": "Commerce",
    "name": "PIM Integration",
    "parentId": "L2_CAT"
  },
  {
    "id": "L1_FIN",
    "level": "L1",
    "domain": "Finance",
    "name": "Financial Planning & Analysis"
  },
  {
    "id": "L2_FCST",
    "level": "L2",
    "domain": "Finance",
    "name": "Forecasting & Budgeting",
    "parentId": "L1_FIN"
  },
  {
    "id": "L2_COST",
    "level": "L2",
    "domain": "Finance",
    "name": "Cost Accounting",
    "parentId": "L1_FIN"
  },
  {
    "id": "L3_SCEN",
    "level": "L3",
    "domain": "Finance",
    "name": "Scenario Planning",
    "parentId": "L2_FCST"
  },
  {
    "id": "L3_VAR",
    "level": "L3",
    "domain": "Finance",
    "name": "Variance Analysis",
    "parentId": "L2_FCST"
  }
]